{"fullscreen":true,"width":240,"height":240,"scale":2,"startScene":"main","debug":true,"clearColor":[0.08627450980392157,0.011764705882352941,0.011764705882352941,1],"version":"0.5.0"}